[
  {
    "id": 1,
    "item_name": "iShares S&P India Nifty 50 Index Fund",
    "price": 87.08,
    "image": "https://m.media-amazon.com/images/I/614ZitKCwHL._AC_SL1500_.jpg",
    "part_references": [
      "WYGJHYHZ",
      "A3A43WKGY",
      "4DMXPBHA",
      "K5HR3QS6",
      "5ZS8BFFY"
    ]
  },
  {
    "id": 2,
    "item_name": "Biohaven Pharmaceutical Holding Company Ltd.",
    "price": 38.92,
    "image": "https://m.media-amazon.com/images/I/71LgGofvm1L._AC_SL1500_.jpg",
    "part_references": [
      "WYGJHYHZ",
      "A3A43WKGY",
      "4DMXPBHA",
      "K5HR3QS6",
      "5ZS8BFFY"
    ]
  },
  {
    "id": 3,
    "item_name": "AllianzGI NFJ Dividend, Interest & Premium Strategy Fund",
    "price": 71.77,
    "image": "https://m.media-amazon.com/images/I/711MUuOhJiL._AC_SL1500_.jpg",
    "part_references": [
      "WYGJHYHZ",
      "A3A43WKGY",
      "4DMXPBHA",
      "K5HR3QS6",
      "5ZS8BFFY"
    ]
  },
  {
    "id": 4,
    "item_name": "Edison International",
    "price": 37.85,
    "image": "https://m.media-amazon.com/images/I/61FVIijQp2L._AC_SL1500_.jpg",
    "part_references": [
      "WYGJHYHZ",
      "A3A43WKGY",
      "4DMXPBHA",
      "K5HR3QS6",
      "5ZS8BFFY"
    ]
  },
  {
    "id": 5,
    "item_name": "Oracle Corporation",
    "price": 51.14,
    "image": "https://m.media-amazon.com/images/I/51oVjoyTvML._AC_SL1200_.jpg",
    "part_references": [
      "WYGJHYHZ",
      "A3A43WKGY",
      "4DMXPBHA",
      "K5HR3QS6",
      "5ZS8BFFY"
    ]
  },
  {
    "id": 6,
    "item_name": "OM Asset Management plc",
    "price": 69.34,
    "image": "https://m.media-amazon.com/images/I/61X217HOySL._AC_SL1200_.jpg",
    "part_references": [
      "WYGJHYHZ",
      "A3A43WKGY",
      "4DMXPBHA",
      "K5HR3QS6",
      "5ZS8BFFY"
    ]
  },
  {
    "id": 7,
    "item_name": "PowerShares DWA Momentum & Low Volatility Rotation Portfolio",
    "price": 77.9,
    "image": "https://m.media-amazon.com/images/I/51ElfhBnLlL._AC_SL1200_.jpg",
    "part_references": [
      "WYGJHYHZ",
      "A3A43WKGY",
      "4DMXPBHA",
      "K5HR3QS6",
      "5ZS8BFFY"
    ]
  }
]
