[{
    "part_number": "WYGJHYHZ",
    "part_name": "Windshield Trim,22 Ft Windshield Rubber Seal,Car Door Seal Car",
    "image": "https://m.media-amazon.com/images/W/MEDIAX_849526-T2/images/I/81f4byJw9JL._AC_SL1500_.jpg",
    "description": "Our windshield decorative strips are made of EPDM adhesive",
    "price" : "9.99"
},

{
    "part_number": "A3A43WKGY",
    "part_name": "48 Volt Electric Golf Carts Forward Reverse Switch Assembly",
    "image": "https://m.media-amazon.com/images/W/MEDIAX_849526-T2/images/I/71yfN1ZkykL._SL1500_.jpg",
    "description": "Reinforced Plastic Housing for Maximum Durability. 2.Premium Metal for higher Strength",
    "price" : "52.99"
},

{
    "part_number": "4DMXPBHA",
    "part_name": "Whiting Todco Truck Door Trailer Door Roll Up Door Cables",
    "image": "https://m.media-amazon.com/images/W/MEDIAX_849526-T2/images/I/61RTaWKUmyL._AC_SL1050_.jpg",
    "description": "",
    "price" : "20.59"
},
{
    "part_number": "K5HR3QS6",
    "part_name": "Mini Receiver Wax Guards Filters Hearing Aid",
    "image": "https://m.media-amazon.com/images/W/MEDIAX_849526-T2/images/I/41yVRYLe7yL._AC_SL1000_.jpg",
    "description": "offers reliable protection for Siemens/Signia hearing aids",
    "price" : "17.99"
},
{
    "part_number": "5ZS8BFFY",
    "part_name": "Q120 Breaker, 20A, 1P, 120 VAC, Plug-in",
    "image": "https://m.media-amazon.com/images/W/MEDIAX_849526-T2/images/I/61Lashz1m4L._AC_SL1280_.jpg",
    "description": "Q120 Breaker, 20A, 1P, 120 VAC, Plug-in",
    "price" : "86.53"
}
]