[{"id":1,"item_name":"iShares S&P India Nifty 50 Index Fund","price":87.08,"image":"https://m.media-amazon.com/images/I/614ZitKCwHL._AC_SL1500_.jpg"},
{"id":2,"item_name":"Biohaven Pharmaceutical Holding Company Ltd.","price":38.92,"image":"https://m.media-amazon.com/images/I/71LgGofvm1L._AC_SL1500_.jpg"},
{"id":3,"item_name":"AllianzGI NFJ Dividend, Interest & Premium Strategy Fund","price":71.77,"image":"https://m.media-amazon.com/images/I/711MUuOhJiL._AC_SL1500_.jpg"},
{"id":4,"item_name":"Edison International","price":37.85,"image":"https://m.media-amazon.com/images/I/61FVIijQp2L._AC_SL1500_.jpg"},
{"id":5,"item_name":"Oracle Corporation","price":51.14,"image":"https://m.media-amazon.com/images/I/51oVjoyTvML._AC_SL1200_.jpg"},
{"id":6,"item_name":"OM Asset Management plc","price":69.34,"image":"https://m.media-amazon.com/images/I/61X217HOySL._AC_SL1200_.jpg"},
{"id":7,"item_name":"PowerShares DWA Momentum & Low Volatility Rotation Portfolio","price":77.9,"image":"https://m.media-amazon.com/images/I/51ElfhBnLlL._AC_SL1200_.jpg"},
{"id":8,"item_name":"Iron Mountain Incorporated","price":52.84,"image":"https://m.media-amazon.com/images/I/61fFSkPAGmL._AC_SL1500_.jpg"},
{"id":9,"item_name":"Stanley Black & Decker, Inc.","price":28.98,"image":"http://dummyimage.com/150x150.png/dddddd/000000"},
{"id":10,"item_name":"Alcentra Capital Corp.","price":32.71,"image":"http://dummyimage.com/150x150.png/cc0000/ffffff"},
{"id":11,"item_name":"First Trust China AlphaDEX Fund","price":55.84,"image":"http://dummyimage.com/150x150.png/ff4444/ffffff"},
{"id":12,"item_name":"Regency Centers Corporation","price":67.89,"image":"http://dummyimage.com/150x150.png/ff4444/ffffff"},
{"id":13,"item_name":"KT Corporation","price":47.2,"image":"http://dummyimage.com/150x150.png/5fa2dd/ffffff"},
{"id":14,"item_name":"Genworth Financial Inc","price":34.31,"image":"http://dummyimage.com/150x150.png/5fa2dd/ffffff"},
{"id":15,"item_name":"Neenah Paper, Inc.","price":35.49,"image":"http://dummyimage.com/150x150.png/dddddd/000000"},
{"id":16,"item_name":"Origo Acquisition Corporation","price":97.5,"image":"http://dummyimage.com/150x150.png/ff4444/ffffff"},
{"id":17,"item_name":"Taro Pharmaceutical Industries Ltd.","price":85.11,"image":"http://dummyimage.com/150x150.png/dddddd/000000"},
{"id":18,"item_name":"Western Asset Managed Municipals Fund, Inc.","price":91.71,"image":"http://dummyimage.com/150x150.png/dddddd/000000"},
{"id":19,"item_name":"L.S. Starrett Company (The)","price":30.1,"image":"http://dummyimage.com/150x150.png/5fa2dd/ffffff"},
{"id":20,"item_name":"BHP Billiton Limited","price":89.62,"image":"http://dummyimage.com/150x150.png/ff4444/ffffff"},
{"id":21,"item_name":"Vericel Corporation","price":66.51,"image":"http://dummyimage.com/150x150.png/ff4444/ffffff"},
{"id":22,"item_name":"Taylor Morrison Home Corporation","price":39.0,"image":"http://dummyimage.com/150x150.png/5fa2dd/ffffff"},
{"id":23,"item_name":"TriMas Corporation","price":10.58,"image":"http://dummyimage.com/150x150.png/cc0000/ffffff"},
{"id":24,"item_name":"Aetna Inc.","price":9.19,"image":"http://dummyimage.com/150x150.png/cc0000/ffffff"},
{"id":25,"item_name":"Sunstone Hotel Investors, Inc.","price":85.18,"image":"http://dummyimage.com/150x150.png/dddddd/000000"},
{"id":26,"item_name":"RadiSys Corporation","price":22.77,"image":"http://dummyimage.com/150x150.png/ff4444/ffffff"},
{"id":27,"item_name":"Analogic Corporation","price":97.44,"image":"http://dummyimage.com/150x150.png/5fa2dd/ffffff"},
{"id":28,"item_name":"Empire Resorts, Inc.","price":69.94,"image":"http://dummyimage.com/150x150.png/ff4444/ffffff"},
{"id":29,"item_name":"Xcel Brands, Inc","price":2.69,"image":"http://dummyimage.com/150x150.png/5fa2dd/ffffff"},
{"id":30,"item_name":"Fusion Telecommunications International, Inc.","price":35.35,"image":"http://dummyimage.com/150x150.png/cc0000/ffffff"},
{"id":31,"item_name":"Surgery Partners, Inc.","price":33.08,"image":"http://dummyimage.com/150x150.png/5fa2dd/ffffff"},
{"id":32,"item_name":"Ark Restaurants Corp.","price":4.34,"image":"http://dummyimage.com/150x150.png/dddddd/000000"},
{"id":33,"item_name":"CBX (Listing Market NYSE Networks AE","price":62.32,"image":"http://dummyimage.com/150x150.png/5fa2dd/ffffff"},
{"id":34,"item_name":"Blackrock Muni New York Intermediate Duration Fund Inc","price":58.34,"image":"http://dummyimage.com/150x150.png/ff4444/ffffff"},
{"id":35,"item_name":"Nelnet, Inc.","price":35.82,"image":"http://dummyimage.com/150x150.png/dddddd/000000"},
{"id":36,"item_name":"Newell Brands Inc.","price":89.42,"image":"http://dummyimage.com/150x150.png/cc0000/ffffff"},
{"id":37,"item_name":"Blackrock MuniHoldings New Jersey Insured Fund, Inc.","price":40.69,"image":"http://dummyimage.com/150x150.png/ff4444/ffffff"},
{"id":38,"item_name":"Jaguar Animal Health, Inc.","price":43.48,"image":"http://dummyimage.com/150x150.png/dddddd/000000"},
{"id":39,"item_name":"Moog Inc.","price":81.33,"image":"http://dummyimage.com/150x150.png/5fa2dd/ffffff"},
{"id":40,"item_name":"Travelport Worldwide Limited","price":10.98,"image":"http://dummyimage.com/150x150.png/cc0000/ffffff"},
{"id":41,"item_name":"WashingtonFirst Bankshares Inc","price":43.82,"image":"http://dummyimage.com/150x150.png/5fa2dd/ffffff"},
{"id":42,"item_name":"Kayne Anderson MLP Investment Company","price":7.79,"image":"http://dummyimage.com/150x150.png/cc0000/ffffff"},
{"id":43,"item_name":"CGI Group, Inc.","price":5.57,"image":"http://dummyimage.com/150x150.png/5fa2dd/ffffff"},
{"id":44,"item_name":"Endeavour Silver Corporation","price":2.0,"image":"http://dummyimage.com/150x150.png/5fa2dd/ffffff"},
{"id":45,"item_name":"ALPS/Dorsey Wright Sector Momentum ETF","price":1.24,"image":"http://dummyimage.com/150x150.png/dddddd/000000"},
{"id":46,"item_name":"Granite Real Estate Inc.","price":93.2,"image":"http://dummyimage.com/150x150.png/5fa2dd/ffffff"},
{"id":47,"item_name":"New Relic, Inc.","price":57.64,"image":"http://dummyimage.com/150x150.png/ff4444/ffffff"},
{"id":48,"item_name":"CyberArk Software Ltd.","price":68.33,"image":"http://dummyimage.com/150x150.png/ff4444/ffffff"},
{"id":49,"item_name":"TearLab Corporation","price":84.64,"image":"http://dummyimage.com/150x150.png/dddddd/000000"},
{"id":50,"item_name":"CubeSmart","price":81.82,"image":"http://dummyimage.com/150x150.png/cc0000/ffffff"}]